iso3,p2_2025,p2_rank_2025,p1_2025,p3_2025,yes_2025,no_2025,abstain_2025,total_2025,yes_pct_2025,region,broad_region
BWA,100.0,1,80.66,97.86,138,0,6,144,95.8,Southern Africa,Sub-Saharan Africa
SWE,100.0,2,71.52,87.68,149,22,21,192,77.6,Northern Europe,Northern Europe
PRT,99.99,3,72.26,88.63,152,20,20,192,79.2,Southern Europe,Southern Europe
SWZ,99.99,4,68.14,98.79,82,0,2,84,97.6,Southern Africa,Sub-Saharan Africa
ZMB,99.97,5,86.67,99.37,158,0,2,160,98.8,Eastern Africa,Sub-Saharan Africa
TKM,99.95,6,92.19,99.19,125,1,1,127,98.4,Central Asia,Central Asia
BRB,99.92,7,87.1,100.0,145,0,0,145,100.0,Caribbean,Latin America & Caribbean
URY,99.92,8,82.55,100.0,190,0,0,190,100.0,South America,Latin America & Caribbean
DNK,99.67,9,70.05,87.68,149,22,21,192,77.6,Northern Europe,Northern Europe
MNE,99.67,10,69.93,88.32,151,20,21,192,78.6,Southern Europe,Southern Europe
KGZ,99.66,11,76.94,97.47,175,0,9,184,95.1,Central Asia,Central Asia
LKA,99.66,12,78.2,97.04,181,1,10,192,94.3,Southern Asia,Southern Asia
SVN,99.65,13,70.95,88.94,153,20,19,192,79.7,Southern Europe,Southern Europe
GIN,99.64,14,81.61,97.92,166,0,7,173,96.0,Western Africa,Sub-Saharan Africa
GHA,99.63,15,91.35,97.89,164,0,7,171,95.9,Western Africa,Sub-Saharan Africa
GAB,99.61,16,82.9,99.42,172,0,2,174,98.9,Middle Africa,Sub-Saharan Africa
SUR,99.61,17,94.45,99.74,190,0,1,191,99.5,South America,Latin America & Caribbean
JAM,99.6,18,91.84,99.73,187,0,1,188,99.5,Caribbean,Latin America & Caribbean
GNB,99.59,19,82.84,98.69,152,0,4,156,97.4,Western Africa,Sub-Saharan Africa
KWT,99.57,20,82.91,96.76,180,1,11,192,93.8,Western Asia,Western Asia
BHR,99.55,21,79.7,97.03,181,0,11,192,94.3,Western Asia,Western Asia
LUX,99.35,22,70.4,88.31,151,21,20,192,78.6,Western Europe,Western Europe
MYS,99.35,23,85.23,98.13,185,1,6,192,96.4,South-eastern Asia,South-eastern Asia
ESP,99.34,24,70.69,88.63,152,20,20,192,79.2,Southern Europe,Southern Europe
KAZ,99.33,25,78.8,97.23,177,0,10,187,94.7,Central Asia,Central Asia
MCO,99.33,26,69.23,87.73,146,20,22,188,77.7,Western Europe,Western Europe
LBY,99.32,27,77.68,96.65,174,1,11,186,93.5,Northern Africa,Africa
NPL,99.31,28,87.99,97.55,181,0,9,190,95.3,Southern Asia,Southern Asia
TCD,99.31,29,92.26,98.9,182,0,4,186,97.8,Middle Africa,Sub-Saharan Africa
BGD,99.29,30,84.55,97.85,183,1,7,191,95.8,Southern Asia,Southern Asia
CHL,99.29,31,94.62,99.47,190,0,2,192,99.0,South America,Latin America & Caribbean
GTM,99.29,32,76.53,99.47,190,0,2,192,99.0,Central America,Latin America & Caribbean
UZB,99.26,33,79.77,97.27,161,1,8,170,94.7,Central Asia,Central Asia
BLZ,99.25,34,89.1,99.43,176,0,2,178,98.9,Central America,Latin America & Caribbean
THA,99.03,35,85.1,98.4,186,0,6,192,96.9,South-eastern Asia,South-eastern Asia
PHL,99.02,36,80.42,98.94,188,0,4,192,97.9,South-eastern Asia,South-eastern Asia
MRT,99.0,37,79.26,97.52,178,1,8,187,95.2,Western Africa,Sub-Saharan Africa
MOZ,98.98,38,83.59,96.93,175,0,11,186,94.1,Eastern Africa,Sub-Saharan Africa
SEN,98.98,39,86.47,98.34,179,0,6,185,96.8,Western Africa,Sub-Saharan Africa
TJK,98.97,40,76.45,96.89,172,1,10,183,94.0,Central Asia,Central Asia
BHS,98.94,41,89.76,99.18,182,0,3,185,98.4,Caribbean,Latin America & Caribbean
LSO,98.94,42,77.58,97.96,169,0,7,176,96.0,Southern Africa,Sub-Saharan Africa
OMN,98.94,43,75.08,96.49,179,2,11,192,93.2,Western Asia,Western Asia
SLE,98.93,44,89.58,98.85,173,0,4,177,97.7,Western Africa,Sub-Saharan Africa
KNA,98.92,45,85.59,99.16,178,0,3,181,98.3,Caribbean,Latin America & Caribbean
ARE,98.91,46,83.15,96.44,178,0,13,191,93.2,Western Asia,Western Asia
GMB,98.91,47,92.23,97.61,165,0,8,173,95.4,Western Africa,Sub-Saharan Africa
TZA,98.9,48,79.66,97.28,162,0,9,171,94.7,Eastern Africa,Sub-Saharan Africa
ATG,98.89,49,89.81,99.13,172,0,3,175,98.3,Caribbean,Latin America & Caribbean
QAT,98.89,50,84.73,97.3,182,0,10,192,94.8,Western Asia,Western Asia
HND,98.88,51,84.96,99.12,170,0,3,173,98.3,Central America,Latin America & Caribbean
IRQ,98.88,52,74.2,97.27,179,2,8,189,94.7,Western Asia,Western Asia
COG,98.86,53,75.53,98.12,158,0,6,164,96.3,Middle Africa,Sub-Saharan Africa
LCA,98.85,54,87.83,99.09,165,0,3,168,98.2,Caribbean,Latin America & Caribbean
BEL,98.7,55,74.71,88.31,151,21,20,192,78.6,Western Europe,Western Europe
BRN,98.7,56,74.81,97.86,184,2,6,192,95.8,South-eastern Asia,South-eastern Asia
DZA,98.69,57,74.97,96.21,178,2,12,192,92.7,Northern Africa,Africa
ITA,98.69,58,68.9,87.37,148,20,24,192,77.1,Southern Europe,Southern Europe
KHM,98.68,59,85.3,97.55,181,0,9,190,95.3,South-eastern Asia,South-eastern Asia
AGO,98.67,60,81.32,96.98,178,0,11,189,94.2,Middle Africa,Sub-Saharan Africa
GUY,98.67,61,90.5,98.94,188,0,4,192,97.9,South America,Latin America & Caribbean
MEX,98.67,62,86.31,98.94,188,0,4,192,97.9,Central America,Latin America & Caribbean
ROU,98.67,63,68.01,85.73,143,24,25,192,74.5,Eastern Europe,Eastern Europe
TUN,98.67,64,84.24,97.84,182,1,7,190,95.8,Northern Africa,Africa
TTO,98.65,65,87.45,98.93,186,0,4,190,97.9,Caribbean,Latin America & Caribbean
DOM,98.64,66,89.83,98.92,185,0,4,189,97.9,Caribbean,Latin America & Caribbean
MUS,98.64,67,90.9,98.62,180,0,5,185,97.3,Eastern Africa,Sub-Saharan Africa
DJI,98.61,68,84.46,98.6,177,0,5,182,97.3,Eastern Africa,Sub-Saharan Africa
KEN,98.61,69,82.82,97.4,170,0,9,179,95.0,Eastern Africa,Sub-Saharan Africa
SYR,98.6,70,51.92,95.49,85,1,7,93,91.4,Western Asia,Western Asia
YEM,98.6,71,81.52,96.48,179,1,12,192,93.2,Western Asia,Western Asia
MAR,98.59,72,86.33,98.6,177,1,4,182,97.3,Northern Africa,Africa
JOR,98.55,73,84.2,97.57,182,1,8,191,95.3,Western Asia,Western Asia
BEN,98.39,74,87.0,99.36,78,0,1,79,98.7,Western Africa,Sub-Saharan Africa
BOL,98.39,75,63.25,98.69,39,1,0,40,97.5,South America,Latin America & Caribbean
IDN,98.38,76,76.42,97.59,183,2,7,192,95.3,South-eastern Asia,South-eastern Asia
FIN,98.37,77,71.8,87.99,150,22,20,192,78.1,Northern Europe,Northern Europe
EST,98.35,78,70.53,86.31,144,23,24,191,75.4,Northern Europe,Northern Europe
POL,98.34,79,66.5,85.73,143,24,25,192,74.5,Eastern Europe,Eastern Europe
TLS,98.34,80,89.54,99.46,187,0,2,189,98.9,South-eastern Asia,South-eastern Asia
UGA,98.29,81,74.34,96.89,173,0,11,184,94.0,Eastern Africa,Sub-Saharan Africa
LBN,98.24,82,82.11,97.31,182,1,9,192,94.8,Western Asia,Western Asia
BTN,98.2,83,88.25,98.61,179,0,5,184,97.3,Southern Asia,Southern Asia
SOM,98.15,84,91.9,99.26,135,0,2,137,98.5,Eastern Africa,Sub-Saharan Africa
GRD,98.12,85,78.86,98.48,98,0,3,101,97.0,Caribbean,Latin America & Caribbean
AZE,98.1,86,87.38,99.68,157,0,1,158,99.4,Western Asia,Western Asia
GNQ,98.06,87,79.6,97.44,153,3,5,161,95.0,Middle Africa,Sub-Saharan Africa
SGP,98.06,88,82.41,98.13,185,0,7,192,96.4,South-eastern Asia,South-eastern Asia
ZAF,98.05,89,81.28,97.31,182,1,9,192,94.8,Southern Africa,Sub-Saharan Africa
GRC,98.04,90,71.43,88.31,151,21,20,192,78.6,Southern Europe,Southern Europe
COL,98.03,91,90.64,98.4,186,0,6,192,96.9,South America,Latin America & Caribbean
NLD,98.03,92,70.6,88.19,149,19,22,190,78.4,Western Europe,Western Europe
VNM,98.02,93,77.44,97.55,180,1,8,189,95.2,South-eastern Asia,South-eastern Asia
ISL,98.01,94,69.31,88.26,150,18,23,191,78.5,Northern Europe,Northern Europe
SVK,97.98,95,67.88,86.97,146,22,23,191,76.4,Eastern Europe,Eastern Europe
EGY,97.97,96,78.18,95.29,173,1,16,190,91.1,Northern Africa,Africa
MNG,97.97,97,87.61,97.01,180,0,11,191,94.2,Eastern Asia,Eastern Asia
MDV,97.94,98,89.74,98.4,186,1,5,192,96.9,Southern Asia,Southern Asia
ERI,97.89,99,75.39,97.71,173,5,3,181,95.6,Eastern Africa,Sub-Saharan Africa
RWA,97.77,100,69.04,97.23,159,0,9,168,94.6,Eastern Africa,Sub-Saharan Africa
SYC,97.77,101,92.55,99.7,170,0,1,171,99.4,Eastern Africa,Sub-Saharan Africa
COM,97.7,102,82.8,99.07,162,1,2,165,98.2,Eastern Africa,Sub-Saharan Africa
DEU,97.7,103,68.97,87.36,148,23,21,192,77.1,Western Europe,Western Europe
NOR,97.69,104,74.91,88.64,152,18,22,192,79.2,Northern Europe,Northern Europe
PER,97.68,105,97.48,98.11,183,0,7,190,96.3,South America,Latin America & Caribbean
LAO,97.66,106,71.98,97.23,177,0,10,187,94.7,South-eastern Asia,South-eastern Asia
NGA,97.65,107,78.37,96.77,151,0,10,161,93.8,Western Africa,Sub-Saharan Africa
LBR,97.59,108,43.67,99.35,155,0,2,157,98.7,Western Africa,Sub-Saharan Africa
CPV,97.55,109,96.77,100.0,184,0,0,184,100.0,Western Africa,Sub-Saharan Africa
HTI,97.44,110,84.36,97.9,164,1,6,171,95.9,Caribbean,Latin America & Caribbean
BIH,97.38,111,69.85,88.87,152,15,24,191,79.6,Southern Europe,Southern Europe
LVA,97.38,112,71.23,86.06,144,24,24,192,75.0,Northern Europe,Northern Europe
HRV,97.37,113,67.49,87.04,147,23,22,192,76.6,Southern Europe,Southern Europe
BFA,97.36,114,91.53,97.85,163,6,1,170,95.9,Western Africa,Sub-Saharan Africa
LTU,97.35,115,68.13,85.4,142,24,26,192,74.0,Northern Europe,Northern Europe
MMR,97.34,116,98.47,99.19,185,0,3,188,98.4,South-eastern Asia,South-eastern Asia
BGR,97.29,117,68.42,84.96,140,22,29,191,73.3,Eastern Europe,Eastern Europe
TUV,97.18,118,81.05,96.71,133,1,8,142,93.7,Polynesia,Oceania
CHN,97.15,119,63.09,93.1,167,7,18,192,87.0,Eastern Asia,Eastern Asia
MWI,97.11,120,77.98,99.0,150,0,3,153,98.0,Eastern Africa,Sub-Saharan Africa
BRA,97.06,121,73.98,97.58,183,0,9,192,95.3,South America,Latin America & Caribbean
SDN,96.97,122,65.36,95.59,173,8,8,189,91.5,Northern Africa,Africa
SAU,96.96,123,75.01,94.4,170,1,19,190,89.5,Western Asia,Western Asia
MLI,96.79,124,60.09,97.09,170,8,2,180,94.4,Western Africa,Sub-Saharan Africa
CRI,96.73,125,89.79,97.3,181,1,9,191,94.8,Central America,Latin America & Caribbean
NAM,96.73,126,81.96,95.21,161,0,16,177,91.0,Southern Africa,Sub-Saharan Africa
MLT,96.65,127,69.25,91.67,162,14,16,192,84.4,Southern Europe,Southern Europe
NER,96.58,128,80.77,96.91,161,9,1,171,94.2,Western Africa,Sub-Saharan Africa
MDA,96.51,129,68.47,89.5,154,15,22,191,80.6,Eastern Europe,Eastern Europe
CIV,96.38,130,83.81,97.83,182,0,8,190,95.8,Western Africa,Sub-Saharan Africa
COD,96.37,131,75.65,96.62,130,0,9,139,93.5,Middle Africa,Sub-Saharan Africa
SMR,96.36,132,71.51,91.08,160,14,18,192,83.3,Southern Europe,Southern Europe
AND,96.34,133,71.04,90.67,157,13,20,190,82.6,Southern Europe,Southern Europe
CZE,96.31,134,64.19,84.38,139,25,28,192,72.4,Eastern Europe,Eastern Europe
SLV,96.18,135,89.63,96.84,170,0,11,181,93.9,Central America,Latin America & Caribbean
KIR,96.16,136,75.35,97.03,66,0,4,70,94.3,Micronesia,Oceania
VUT,96.12,137,84.36,99.16,179,0,3,182,98.4,Melanesia,Oceania
VCT,96.07,138,72.18,96.75,15,0,1,16,93.8,Caribbean,Latin America & Caribbean
TGO,95.89,139,69.09,94.37,170,0,20,190,89.5,Western Africa,Sub-Saharan Africa
UKR,95.87,140,67.01,83.99,135,25,28,188,71.8,Eastern Europe,Eastern Europe
ZWE,95.87,141,74.26,95.7,167,3,12,182,91.8,Eastern Africa,Sub-Saharan Africa
IRL,95.66,142,73.58,90.48,158,15,19,192,82.3,Northern Europe,Northern Europe
BDI,95.54,143,57.65,96.01,157,8,5,170,92.4,Eastern Africa,Sub-Saharan Africa
IRN,95.45,144,64.18,93.41,162,5,18,185,87.6,Southern Asia,Southern Asia
ECU,95.3,145,79.73,96.1,174,0,14,188,92.6,South America,Latin America & Caribbean
AUT,95.12,146,69.03,89.87,156,16,20,192,81.2,Western Europe,Western Europe
LIE,95.06,147,71.9,91.07,160,12,20,192,83.3,Western Europe,Western Europe
CUB,95.03,148,69.7,95.85,173,7,8,188,92.0,Caribbean,Latin America & Caribbean
ETH,94.84,149,70.39,94.31,168,0,20,188,89.4,Eastern Africa,Sub-Saharan Africa
PAK,94.84,150,66.32,92.94,165,3,22,190,86.8,Southern Asia,Southern Asia
DMA,94.72,151,60.66,95.61,44,0,4,48,91.7,Caribbean,Latin America & Caribbean
PNG,94.7,152,59.68,91.42,152,16,13,181,84.0,Melanesia,Oceania
FRA,94.66,153,61.71,85.35,142,28,22,192,74.0,Western Europe,Western Europe
TON,94.51,154,29.4,92.06,148,12,14,174,85.1,Polynesia,Oceania
SLB,94.3,155,83.21,97.34,166,0,9,175,94.9,Melanesia,Oceania
ALB,94.14,156,68.05,84.03,136,20,33,189,72.0,Southern Europe,Southern Europe
MKD,94.08,157,51.33,83.26,133,24,31,188,70.7,Southern Europe,Southern Europe
PAN,94.0,158,75.96,95.0,173,0,18,191,90.6,Central America,Latin America & Caribbean
CAF,93.96,159,53.66,93.31,138,6,14,158,87.3,Middle Africa,Sub-Saharan Africa
CHE,93.4,160,68.45,91.04,160,10,22,192,83.3,Western Europe,Western Europe
WSM,93.34,161,76.48,92.58,121,0,19,140,86.4,Polynesia,Oceania
PLW,93.17,162,50.23,90.18,142,22,9,173,82.1,Micronesia,Oceania
CMR,93.13,163,64.3,93.31,149,0,21,170,87.6,Middle Africa,Sub-Saharan Africa
GBR,93.01,164,63.0,84.93,141,31,20,192,73.4,Northern Europe,Northern Europe
IND,92.76,165,71.78,91.22,161,5,26,192,83.9,Southern Asia,Southern Asia
NIC,92.34,166,70.15,93.56,153,15,6,174,87.9,Central America,Latin America & Caribbean
HUN,92.09,167,66.3,81.47,131,33,28,192,68.2,Eastern Europe,Eastern Europe
PRK,92.01,168,57.69,88.18,142,21,18,181,78.5,Eastern Asia,Eastern Asia
FJI,91.14,169,48.89,88.99,148,9,28,185,80.0,Melanesia,Oceania
ARM,90.91,170,73.8,93.46,158,2,20,180,87.8,Western Asia,Western Asia
JPN,90.47,171,72.71,89.84,156,12,24,192,81.2,Eastern Asia,Eastern Asia
MHL,90.05,172,66.66,90.12,148,10,23,181,81.8,Micronesia,Oceania
NZL,89.72,173,72.03,91.36,161,16,15,192,83.9,Australia and New Zealand,Oceania
SRB,89.59,174,71.39,89.7,139,6,26,171,81.3,Southern Europe,Southern Europe
FSM,89.4,175,60.93,86.35,120,27,11,158,75.9,Micronesia,Oceania
STP,88.91,176,100.0,90.67,10,0,2,12,83.3,Middle Africa,Sub-Saharan Africa
USA,88.41,177,45.21,0.0,10,174,8,192,5.2,Northern America,Northern America
KOR,87.49,178,71.94,87.62,148,19,24,191,77.5,Eastern Asia,Eastern Asia
AUS,87.3,179,66.06,88.63,152,20,20,192,79.2,Australia and New Zealand,Oceania
CYP,86.02,180,71.05,91.08,160,14,18,192,83.3,Western Asia,Western Asia
TUR,85.96,181,69.6,89.33,151,16,21,188,80.3,Western Asia,Western Asia
NRU,84.21,182,63.34,78.76,37,15,4,56,66.1,Micronesia,Oceania
CAN,83.94,183,60.6,87.36,148,23,21,192,77.1,Northern America,Northern America
GEO,80.12,184,65.67,84.14,133,11,39,183,72.7,Western Asia,Western Asia
BLR,78.97,185,61.48,91.02,159,12,20,191,83.2,Eastern Europe,Eastern Europe
MDG,78.3,186,51.27,83.12,8,0,3,11,72.7,Eastern Africa,Sub-Saharan Africa
RUS,77.9,187,59.03,85.25,142,31,19,192,74.0,Eastern Europe,Eastern Europe
SSD,71.84,188,36.62,76.23,36,1,19,56,64.3,Eastern Africa,Sub-Saharan Africa
PRY,69.3,189,46.71,74.2,113,29,49,191,59.2,South America,Latin America & Caribbean
ARG,21.22,190,0.0,32.79,42,84,29,155,27.1,South America,Latin America & Caribbean
ISR,0.0,191,59.54,12.87,20,98,27,145,13.8,Western Asia,Western Asia
