iso3,p3_2025,p3_rank_2025,p1_2025,p2_2025,yes_2025,no_2025,abstain_2025,total_2025,yes_pct_2025,no_pct_2025,abstain_pct_2025,majority_alignment_rate_2025,vote_mix_distance_l1_2025,diff_from_world_avg_2025,region,broad_region
BRB,100.0,1,87.1,99.92,145,0,0,145,100.0,0.0,0.0,100.0,23.94,7.16,Caribbean,Latin America & Caribbean
CPV,100.0,1,96.77,97.55,184,0,0,184,100.0,0.0,0.0,100.0,23.94,7.16,Western Africa,Sub-Saharan Africa
URY,100.0,1,82.55,99.92,190,0,0,190,100.0,0.0,0.0,100.0,23.94,7.16,South America,Latin America & Caribbean
SUR,99.74,4,94.45,99.61,190,0,1,191,99.5,0.0,0.5,99.48,22.89,6.9,South America,Latin America & Caribbean
JAM,99.73,5,91.84,99.6,187,0,1,188,99.5,0.0,0.5,99.47,22.87,6.9,Caribbean,Latin America & Caribbean
SYC,99.7,6,92.55,97.77,170,0,1,171,99.4,0.0,0.6,99.42,22.77,6.87,Eastern Africa,Sub-Saharan Africa
AZE,99.68,7,87.38,98.1,157,0,1,158,99.4,0.0,0.6,99.37,22.67,6.84,Western Asia,Western Asia
CHL,99.47,8,94.62,99.29,190,0,2,192,99.0,0.0,1.0,98.96,21.85,6.64,South America,Latin America & Caribbean
GTM,99.47,8,76.53,99.29,190,0,2,192,99.0,0.0,1.0,98.96,21.85,6.64,Central America,Latin America & Caribbean
TLS,99.46,10,89.54,98.34,187,0,2,189,98.9,0.0,1.1,98.94,21.82,6.63,South-eastern Asia,South-eastern Asia
BLZ,99.43,11,89.1,99.25,176,0,2,178,98.9,0.0,1.1,98.88,21.69,6.6,Central America,Latin America & Caribbean
GAB,99.42,12,82.9,99.61,172,0,2,174,98.9,0.0,1.1,98.85,21.64,6.58,Middle Africa,Sub-Saharan Africa
ZMB,99.37,13,86.67,99.97,158,0,2,160,98.8,0.0,1.2,98.75,21.44,6.53,Eastern Africa,Sub-Saharan Africa
BEN,99.36,14,87.0,98.39,78,0,1,79,98.7,0.0,1.3,98.73,21.4,6.52,Western Africa,Sub-Saharan Africa
LBR,99.35,15,43.67,97.59,155,0,2,157,98.7,0.0,1.3,98.73,21.39,6.52,Western Africa,Sub-Saharan Africa
SOM,99.26,16,91.9,98.15,135,0,2,137,98.5,0.0,1.5,98.54,21.02,6.42,Eastern Africa,Sub-Saharan Africa
MMR,99.19,18,98.47,97.34,185,0,3,188,98.4,0.0,1.6,98.4,20.74,6.35,South-eastern Asia,South-eastern Asia
TKM,99.19,17,92.19,99.95,125,1,1,127,98.4,0.8,0.8,98.43,20.79,6.36,Central Asia,Central Asia
BHS,99.18,19,89.76,98.94,182,0,3,185,98.4,0.0,1.6,98.38,20.69,6.34,Caribbean,Latin America & Caribbean
KNA,99.16,21,85.59,98.92,178,0,3,181,98.3,0.0,1.7,98.34,20.62,6.32,Caribbean,Latin America & Caribbean
VUT,99.16,20,84.36,96.12,179,0,3,182,98.4,0.0,1.6,98.35,20.64,6.33,Melanesia,Oceania
ATG,99.13,22,89.81,98.89,172,0,3,175,98.3,0.0,1.7,98.29,20.51,6.29,Caribbean,Latin America & Caribbean
HND,99.12,23,84.96,98.88,170,0,3,173,98.3,0.0,1.7,98.27,20.47,6.28,Central America,Latin America & Caribbean
LCA,99.09,24,87.83,98.85,165,0,3,168,98.2,0.0,1.8,98.21,20.36,6.26,Caribbean,Latin America & Caribbean
COM,99.07,25,82.8,97.7,162,1,2,165,98.2,0.6,1.2,98.18,20.3,6.24,Eastern Africa,Sub-Saharan Africa
MWI,99.0,26,77.98,97.11,150,0,3,153,98.0,0.0,2.0,98.04,20.01,6.17,Eastern Africa,Sub-Saharan Africa
GUY,98.94,27,90.5,98.67,188,0,4,192,97.9,0.0,2.1,97.92,19.77,6.1,South America,Latin America & Caribbean
MEX,98.94,27,86.31,98.67,188,0,4,192,97.9,0.0,2.1,97.92,19.77,6.1,Central America,Latin America & Caribbean
PHL,98.94,27,80.42,99.02,188,0,4,192,97.9,0.0,2.1,97.92,19.77,6.1,South-eastern Asia,South-eastern Asia
TTO,98.93,30,87.45,98.65,186,0,4,190,97.9,0.0,2.1,97.89,19.72,6.09,Caribbean,Latin America & Caribbean
DOM,98.92,31,89.83,98.64,185,0,4,189,97.9,0.0,2.1,97.88,19.7,6.09,Caribbean,Latin America & Caribbean
TCD,98.9,32,92.26,99.31,182,0,4,186,97.8,0.0,2.2,97.85,19.63,6.07,Middle Africa,Sub-Saharan Africa
SLE,98.85,33,89.58,98.93,173,0,4,177,97.7,0.0,2.3,97.74,19.42,6.01,Western Africa,Sub-Saharan Africa
SWZ,98.79,34,68.14,99.99,82,0,2,84,97.6,0.0,2.4,97.62,19.17,5.95,Southern Africa,Sub-Saharan Africa
BOL,98.69,35,63.25,98.39,39,1,0,40,97.5,2.5,0.0,97.5,18.94,5.86,South America,Latin America & Caribbean
GNB,98.69,36,82.84,99.59,152,0,4,156,97.4,0.0,2.6,97.44,18.81,5.86,Western Africa,Sub-Saharan Africa
MUS,98.62,37,90.9,98.64,180,0,5,185,97.3,0.0,2.7,97.3,18.53,5.78,Eastern Africa,Sub-Saharan Africa
BTN,98.61,38,88.25,98.2,179,0,5,184,97.3,0.0,2.7,97.28,18.5,5.78,Southern Asia,Southern Asia
DJI,98.6,39,84.46,98.61,177,0,5,182,97.3,0.0,2.7,97.25,18.44,5.76,Eastern Africa,Sub-Saharan Africa
MAR,98.6,40,86.33,98.59,177,1,4,182,97.3,0.5,2.2,97.25,18.44,5.76,Northern Africa,Africa
GRD,98.48,41,78.86,98.12,98,0,3,101,97.0,0.0,3.0,97.03,17.99,5.65,Caribbean,Latin America & Caribbean
COL,98.4,43,90.64,98.03,186,0,6,192,96.9,0.0,3.1,96.88,17.69,5.57,South America,Latin America & Caribbean
MDV,98.4,42,89.74,97.94,186,1,5,192,96.9,0.5,2.6,96.88,17.69,5.57,Southern Asia,Southern Asia
THA,98.4,43,85.1,99.03,186,0,6,192,96.9,0.0,3.1,96.88,17.69,5.57,South-eastern Asia,South-eastern Asia
SEN,98.34,45,86.47,98.98,179,0,6,185,96.8,0.0,3.2,96.76,17.45,5.5,Western Africa,Sub-Saharan Africa
MYS,98.13,46,85.23,99.35,185,1,6,192,96.4,0.5,3.1,96.35,16.64,5.3,South-eastern Asia,South-eastern Asia
SGP,98.13,47,82.41,98.06,185,0,7,192,96.4,0.0,3.6,96.35,16.64,5.29,South-eastern Asia,South-eastern Asia
COG,98.12,48,75.53,98.86,158,0,6,164,96.3,0.0,3.7,96.34,16.62,5.29,Middle Africa,Sub-Saharan Africa
PER,98.11,49,97.48,97.68,183,0,7,190,96.3,0.0,3.7,96.32,16.57,5.27,South America,Latin America & Caribbean
LSO,97.96,50,77.58,98.94,169,0,7,176,96.0,0.0,4.0,96.02,15.98,5.12,Southern Africa,Sub-Saharan Africa
GIN,97.92,51,81.61,99.64,166,0,7,173,96.0,0.0,4.0,95.95,15.84,5.08,Western Africa,Sub-Saharan Africa
HTI,97.9,52,84.36,97.44,164,1,6,171,95.9,0.6,3.5,95.91,15.75,5.06,Caribbean,Latin America & Caribbean
GHA,97.89,53,91.35,99.63,164,0,7,171,95.9,0.0,4.1,95.91,15.75,5.06,Western Africa,Sub-Saharan Africa
BRN,97.86,54,74.81,98.7,184,2,6,192,95.8,1.0,3.1,95.83,15.6,5.03,South-eastern Asia,South-eastern Asia
BWA,97.86,55,80.66,100.0,138,0,6,144,95.8,0.0,4.2,95.83,15.6,5.02,Southern Africa,Sub-Saharan Africa
BFA,97.85,57,91.53,97.36,163,6,1,170,95.9,3.5,0.6,95.88,15.7,5.01,Western Africa,Sub-Saharan Africa
BGD,97.85,56,84.55,99.29,183,1,7,191,95.8,0.5,3.7,95.81,15.56,5.01,Southern Asia,Southern Asia
TUN,97.84,58,84.24,98.67,182,1,7,190,95.8,0.5,3.7,95.79,15.51,5.0,Northern Africa,Africa
CIV,97.83,59,83.81,96.38,182,0,8,190,95.8,0.0,4.2,95.79,15.51,5.0,Western Africa,Sub-Saharan Africa
ERI,97.71,60,75.39,97.89,173,5,3,181,95.6,2.8,1.7,95.58,15.1,4.88,Eastern Africa,Sub-Saharan Africa
GMB,97.61,61,92.23,98.91,165,0,8,173,95.4,0.0,4.6,95.38,14.69,4.78,Western Africa,Sub-Saharan Africa
IDN,97.59,62,76.42,98.38,183,2,7,192,95.3,1.0,3.6,95.31,14.56,4.75,South-eastern Asia,South-eastern Asia
BRA,97.58,63,73.98,97.06,183,0,9,192,95.3,0.0,4.7,95.31,14.56,4.75,South America,Latin America & Caribbean
JOR,97.57,64,84.2,98.55,182,1,8,191,95.3,0.5,4.2,95.29,14.51,4.74,Western Asia,Western Asia
KHM,97.55,65,85.3,98.68,181,0,9,190,95.3,0.0,4.7,95.26,14.46,4.72,South-eastern Asia,South-eastern Asia
NPL,97.55,65,87.99,99.31,181,0,9,190,95.3,0.0,4.7,95.26,14.46,4.72,Southern Asia,Southern Asia
VNM,97.55,67,77.44,98.02,180,1,8,189,95.2,0.5,4.2,95.24,14.41,4.71,South-eastern Asia,South-eastern Asia
MRT,97.52,68,79.26,99.0,178,1,8,187,95.2,0.5,4.3,95.19,14.31,4.69,Western Africa,Sub-Saharan Africa
KGZ,97.47,69,76.94,99.66,175,0,9,184,95.1,0.0,4.9,95.11,14.15,4.64,Central Asia,Central Asia
GNQ,97.44,70,79.6,98.06,153,3,5,161,95.0,1.9,3.1,95.03,14.0,4.61,Middle Africa,Sub-Saharan Africa
KEN,97.4,71,82.82,98.61,170,0,9,179,95.0,0.0,5.0,94.97,13.88,4.57,Eastern Africa,Sub-Saharan Africa
SLB,97.34,72,83.21,94.3,166,0,9,175,94.9,0.0,5.1,94.86,13.65,4.5,Melanesia,Oceania
LBN,97.31,73,82.11,98.24,182,1,9,192,94.8,0.5,4.7,94.79,13.52,4.48,Western Asia,Western Asia
ZAF,97.31,73,81.28,98.05,182,1,9,192,94.8,0.5,4.7,94.79,13.52,4.48,Southern Africa,Sub-Saharan Africa
CRI,97.3,76,89.79,96.73,181,1,9,191,94.8,0.5,4.7,94.76,13.46,4.46,Central America,Latin America & Caribbean
QAT,97.3,75,84.73,98.89,182,0,10,192,94.8,0.0,5.2,94.79,13.52,4.47,Western Asia,Western Asia
TZA,97.28,77,79.66,98.9,162,0,9,171,94.7,0.0,5.3,94.74,13.41,4.44,Eastern Africa,Sub-Saharan Africa
IRQ,97.27,78,74.2,98.88,179,2,8,189,94.7,1.1,4.2,94.71,13.35,4.44,Western Asia,Western Asia
UZB,97.27,79,79.77,99.26,161,1,8,170,94.7,0.6,4.7,94.71,13.35,4.43,Central Asia,Central Asia
KAZ,97.23,80,78.8,99.33,177,0,10,187,94.7,0.0,5.3,94.65,13.24,4.4,Central Asia,Central Asia
LAO,97.23,80,71.98,97.66,177,0,10,187,94.7,0.0,5.3,94.65,13.24,4.4,South-eastern Asia,South-eastern Asia
RWA,97.23,82,69.04,97.77,159,0,9,168,94.6,0.0,5.4,94.64,13.22,4.39,Eastern Africa,Sub-Saharan Africa
MLI,97.09,83,60.09,96.79,170,8,2,180,94.4,4.4,1.1,94.44,12.82,4.25,Western Africa,Sub-Saharan Africa
LKA,97.04,84,78.2,99.66,181,1,10,192,94.3,0.5,5.2,94.27,12.48,4.2,Southern Asia,Southern Asia
BHR,97.03,86,79.7,99.55,181,0,11,192,94.3,0.0,5.7,94.27,12.48,4.19,Western Asia,Western Asia
KIR,97.03,85,75.35,96.16,66,0,4,70,94.3,0.0,5.7,94.29,12.51,4.2,Micronesia,Oceania
MNG,97.01,87,87.61,97.97,180,0,11,191,94.2,0.0,5.8,94.24,12.42,4.17,Eastern Asia,Eastern Asia
AGO,96.98,88,81.32,98.67,178,0,11,189,94.2,0.0,5.8,94.18,12.3,4.14,Middle Africa,Sub-Saharan Africa
MOZ,96.93,89,83.59,98.98,175,0,11,186,94.1,0.0,5.9,94.09,12.11,4.09,Eastern Africa,Sub-Saharan Africa
NER,96.91,90,80.77,96.58,161,9,1,171,94.2,5.3,0.6,94.15,12.84,4.08,Western Africa,Sub-Saharan Africa
TJK,96.89,92,76.45,98.97,172,1,10,183,94.0,0.5,5.5,93.99,11.91,4.05,Central Asia,Central Asia
UGA,96.89,91,74.34,98.29,173,0,11,184,94.0,0.0,6.0,94.02,11.98,4.06,Eastern Africa,Sub-Saharan Africa
SLV,96.84,93,89.63,96.18,170,0,11,181,93.9,0.0,6.1,93.92,11.78,4.0,Central America,Latin America & Caribbean
NGA,96.77,94,78.37,97.65,151,0,10,161,93.8,0.0,6.2,93.79,11.51,3.93,Western Africa,Sub-Saharan Africa
KWT,96.76,95,82.91,99.57,180,1,11,192,93.8,0.5,5.7,93.75,11.44,3.92,Western Asia,Western Asia
VCT,96.75,96,72.18,96.07,15,0,1,16,93.8,0.0,6.2,93.75,11.44,3.91,Caribbean,Latin America & Caribbean
TUV,96.71,97,81.05,97.18,133,1,8,142,93.7,0.7,5.6,93.66,11.26,3.88,Polynesia,Oceania
LBY,96.65,98,77.68,99.32,174,1,11,186,93.5,0.5,5.9,93.55,11.03,3.81,Northern Africa,Africa
COD,96.62,99,75.65,96.37,130,0,9,139,93.5,0.0,6.5,93.53,10.99,3.79,Middle Africa,Sub-Saharan Africa
OMN,96.49,100,75.08,98.94,179,2,11,192,93.2,1.0,5.7,93.23,10.39,3.65,Western Asia,Western Asia
YEM,96.48,101,81.52,98.6,179,1,12,192,93.2,0.5,6.2,93.23,10.39,3.64,Western Asia,Western Asia
ARE,96.44,102,83.15,98.91,178,0,13,191,93.2,0.0,6.8,93.19,10.32,3.61,Western Asia,Western Asia
DZA,96.21,103,74.97,98.69,178,2,12,192,92.7,1.0,6.2,92.71,9.35,3.37,Northern Africa,Africa
ECU,96.1,104,79.73,95.3,174,0,14,188,92.6,0.0,7.4,92.55,9.92,3.26,South America,Latin America & Caribbean
BDI,96.01,105,57.65,95.54,157,8,5,170,92.4,4.7,2.9,92.35,8.64,3.17,Eastern Africa,Sub-Saharan Africa
CUB,95.85,106,69.7,95.03,173,7,8,188,92.0,3.7,4.3,92.02,7.98,3.02,Caribbean,Latin America & Caribbean
ZWE,95.7,107,74.26,95.87,167,3,12,182,91.8,1.6,6.6,91.76,7.45,2.87,Eastern Africa,Sub-Saharan Africa
DMA,95.61,108,60.66,94.72,44,0,4,48,91.7,0.0,8.3,91.67,9.92,2.77,Caribbean,Latin America & Caribbean
SDN,95.59,109,65.36,96.97,173,8,8,189,91.5,4.2,4.2,91.53,7.0,2.76,Northern Africa,Africa
SYR,95.49,110,51.92,98.6,85,1,7,93,91.4,1.1,7.5,91.4,7.77,2.66,Western Asia,Western Asia
EGY,95.29,111,78.18,97.97,173,1,16,190,91.1,0.5,8.4,91.05,8.87,2.45,Northern Africa,Africa
NAM,95.21,112,81.96,96.73,161,0,16,177,91.0,0.0,9.0,90.96,9.92,2.38,Southern Africa,Sub-Saharan Africa
PAN,95.0,113,75.96,94.0,173,0,18,191,90.6,0.0,9.4,90.58,9.92,2.16,Central America,Latin America & Caribbean
SAU,94.4,114,75.01,96.96,170,1,19,190,89.5,0.5,10.0,89.47,8.87,1.56,Western Asia,Western Asia
TGO,94.37,115,69.09,95.89,170,0,20,190,89.5,0.0,10.5,89.47,9.92,1.54,Western Africa,Sub-Saharan Africa
ETH,94.31,116,70.39,94.84,168,0,20,188,89.4,0.0,10.6,89.36,9.92,1.47,Eastern Africa,Sub-Saharan Africa
NIC,93.56,117,70.15,92.34,153,15,6,174,87.9,8.6,3.4,87.93,7.32,0.72,Central America,Latin America & Caribbean
ARM,93.46,118,73.8,90.91,158,2,20,180,87.8,1.1,11.1,87.78,8.21,0.62,Western Asia,Western Asia
IRN,93.41,119,64.18,95.45,162,5,18,185,87.6,2.7,9.7,87.57,5.45,0.57,Southern Asia,Southern Asia
CAF,93.31,120,53.66,93.96,138,6,14,158,87.3,3.8,8.9,87.34,3.71,0.48,Middle Africa,Sub-Saharan Africa
CMR,93.31,121,64.3,93.13,149,0,21,170,87.6,0.0,12.4,87.65,10.69,0.47,Middle Africa,Sub-Saharan Africa
CHN,93.1,122,63.09,97.15,167,7,18,192,87.0,3.6,9.4,86.98,4.74,0.27,Eastern Asia,Eastern Asia
PAK,92.94,123,66.32,94.84,165,3,22,190,86.8,1.6,11.6,86.84,9.15,0.1,Southern Asia,Southern Asia
WSM,92.58,124,76.48,93.34,121,0,19,140,86.4,0.0,13.6,86.43,13.13,-0.25,Polynesia,Oceania
TON,92.06,125,29.4,94.51,148,12,14,174,85.1,6.9,8.0,85.06,5.95,-0.78,Polynesia,Oceania
MLT,91.67,126,69.25,96.65,162,14,16,192,84.4,7.3,8.3,84.38,7.31,-1.16,Southern Europe,Southern Europe
PNG,91.42,127,59.68,94.7,152,16,13,181,84.0,8.8,7.2,83.98,8.11,-1.41,Melanesia,Oceania
NZL,91.36,128,72.03,89.72,161,16,15,192,83.9,8.3,7.8,83.85,8.36,-1.47,Australia and New Zealand,Oceania
IND,91.22,129,71.78,92.76,161,5,26,192,83.9,2.6,13.5,83.85,13.07,-1.61,Southern Asia,Southern Asia
CYP,91.08,130,71.05,86.02,160,14,18,192,83.3,7.3,9.4,83.33,9.4,-1.76,Western Asia,Western Asia
SMR,91.08,130,71.51,96.36,160,14,18,192,83.3,7.3,9.4,83.33,9.4,-1.76,Southern Europe,Southern Europe
LIE,91.07,132,71.9,95.06,160,12,20,192,83.3,6.2,10.4,83.33,9.4,-1.77,Western Europe,Western Europe
CHE,91.04,133,68.45,93.4,160,10,22,192,83.3,5.2,11.5,83.33,9.4,-1.79,Western Europe,Western Europe
BLR,91.02,134,61.48,78.97,159,12,20,191,83.2,6.3,10.5,83.25,9.57,-1.82,Eastern Europe,Eastern Europe
AND,90.67,135,71.04,96.34,157,13,20,190,82.6,6.8,10.5,82.63,10.8,-2.16,Southern Europe,Southern Europe
STP,90.67,136,100.0,88.91,10,0,2,12,83.3,0.0,16.7,83.33,19.32,-2.17,Middle Africa,Sub-Saharan Africa
IRL,90.48,137,73.58,95.66,158,15,19,192,82.3,7.8,9.9,82.29,11.48,-2.35,Northern Europe,Northern Europe
PLW,90.18,138,50.23,93.17,142,22,9,173,82.1,12.7,5.2,82.08,15.51,-2.65,Micronesia,Oceania
MHL,90.12,139,66.66,90.05,148,10,23,181,81.8,5.5,12.7,81.77,12.53,-2.71,Micronesia,Oceania
AUT,89.87,140,69.03,95.12,156,16,20,192,81.2,8.3,10.4,81.25,13.56,-2.96,Western Europe,Western Europe
JPN,89.84,141,72.71,90.47,156,12,24,192,81.2,6.2,12.5,81.25,13.56,-3.0,Eastern Asia,Eastern Asia
SRB,89.7,142,71.39,89.59,139,6,26,171,81.3,3.5,15.2,81.29,16.4,-3.13,Southern Europe,Southern Europe
MDA,89.5,143,68.47,96.51,154,15,22,191,80.6,7.9,11.5,80.63,14.81,-3.33,Eastern Europe,Eastern Europe
TUR,89.33,144,69.6,85.96,151,16,21,188,80.3,8.5,11.2,80.32,15.43,-3.51,Western Asia,Western Asia
FJI,88.99,145,48.89,91.14,148,9,28,185,80.0,4.9,15.1,80.0,16.26,-3.84,Melanesia,Oceania
SVN,88.94,146,70.95,99.65,153,20,19,192,79.7,10.4,9.9,79.69,16.69,-3.9,Southern Europe,Southern Europe
BIH,88.87,147,69.85,97.38,152,15,24,191,79.6,7.9,12.6,79.58,16.9,-3.96,Southern Europe,Southern Europe
NOR,88.64,148,74.91,97.69,152,18,22,192,79.2,9.4,11.5,79.17,17.73,-4.19,Northern Europe,Northern Europe
AUS,88.63,149,66.06,87.3,152,20,20,192,79.2,10.4,10.4,79.17,17.73,-4.2,Australia and New Zealand,Oceania
ESP,88.63,149,70.69,99.34,152,20,20,192,79.2,10.4,10.4,79.17,17.73,-4.2,Southern Europe,Southern Europe
PRT,88.63,149,72.26,99.99,152,20,20,192,79.2,10.4,10.4,79.17,17.73,-4.2,Southern Europe,Southern Europe
MNE,88.32,152,69.93,99.67,151,20,21,192,78.6,10.4,10.9,78.65,18.77,-4.51,Southern Europe,Southern Europe
BEL,88.31,153,74.71,98.7,151,21,20,192,78.6,10.9,10.4,78.65,18.77,-4.52,Western Europe,Western Europe
GRC,88.31,153,71.43,98.04,151,21,20,192,78.6,10.9,10.4,78.65,18.77,-4.52,Southern Europe,Southern Europe
LUX,88.31,153,70.4,99.35,151,21,20,192,78.6,10.9,10.4,78.65,18.77,-4.52,Western Europe,Western Europe
ISL,88.26,156,69.31,98.01,150,18,23,191,78.5,9.4,12.0,78.53,19.0,-4.58,Northern Europe,Northern Europe
NLD,88.19,157,70.6,98.03,149,19,22,190,78.4,10.0,11.6,78.42,19.22,-4.64,Western Europe,Western Europe
PRK,88.18,158,57.69,92.01,142,21,18,181,78.5,11.6,9.9,78.45,19.16,-4.65,Eastern Asia,Eastern Asia
FIN,87.99,159,71.8,98.37,150,22,20,192,78.1,11.5,10.4,78.12,19.81,-4.84,Northern Europe,Northern Europe
MCO,87.73,160,69.23,99.33,146,20,22,188,77.7,10.6,11.7,77.66,20.75,-5.11,Western Europe,Western Europe
DNK,87.68,161,70.05,99.67,149,22,21,192,77.6,11.5,10.9,77.6,20.86,-5.15,Northern Europe,Northern Europe
SWE,87.68,161,71.52,100.0,149,22,21,192,77.6,11.5,10.9,77.6,20.86,-5.15,Northern Europe,Northern Europe
KOR,87.62,163,71.94,87.49,148,19,24,191,77.5,9.9,12.6,77.49,21.09,-5.22,Eastern Asia,Eastern Asia
ITA,87.37,164,68.9,98.69,148,20,24,192,77.1,10.4,12.5,77.08,21.9,-5.46,Southern Europe,Southern Europe
CAN,87.36,165,60.6,83.94,148,23,21,192,77.1,12.0,10.9,77.08,21.9,-5.48,Northern America,Northern America
DEU,87.36,165,68.97,97.7,148,23,21,192,77.1,12.0,10.9,77.08,21.9,-5.48,Western Europe,Western Europe
HRV,87.04,167,67.49,97.37,147,23,22,192,76.6,12.0,11.5,76.56,22.94,-5.8,Southern Europe,Southern Europe
SVK,86.97,168,67.88,97.98,146,22,23,191,76.4,11.5,12.0,76.44,23.18,-5.86,Eastern Europe,Eastern Europe
FSM,86.35,169,60.93,89.4,120,27,11,158,75.9,17.1,7.0,75.95,24.25,-6.48,Micronesia,Oceania
EST,86.31,170,70.53,98.35,144,23,24,191,75.4,12.0,12.6,75.39,25.28,-6.52,Northern Europe,Northern Europe
LVA,86.06,171,71.23,97.38,144,24,24,192,75.0,12.5,12.5,75.0,26.06,-6.77,Northern Europe,Northern Europe
POL,85.73,172,66.5,98.34,143,24,25,192,74.5,12.5,13.0,74.48,27.11,-7.1,Eastern Europe,Eastern Europe
ROU,85.73,172,68.01,98.67,143,24,25,192,74.5,12.5,13.0,74.48,27.11,-7.1,Eastern Europe,Eastern Europe
LTU,85.4,174,68.13,97.35,142,24,26,192,74.0,12.5,13.5,73.96,28.15,-7.43,Northern Europe,Northern Europe
FRA,85.35,175,61.71,94.66,142,28,22,192,74.0,14.6,11.5,73.96,28.15,-7.49,Western Europe,Western Europe
RUS,85.25,176,59.03,77.9,142,31,19,192,74.0,16.1,9.9,73.96,28.15,-7.58,Eastern Europe,Eastern Europe
BGR,84.96,177,68.42,97.29,140,22,29,191,73.3,11.5,15.2,73.3,29.47,-7.87,Eastern Europe,Eastern Europe
GBR,84.93,178,63.0,93.01,141,31,20,192,73.4,16.1,10.4,73.44,29.19,-7.9,Northern Europe,Northern Europe
CZE,84.38,179,64.19,96.31,139,25,28,192,72.4,13.0,14.6,72.4,31.27,-8.46,Eastern Europe,Eastern Europe
GEO,84.14,180,65.67,80.12,133,11,39,183,72.7,6.0,21.3,72.68,30.71,-8.7,Western Asia,Western Asia
ALB,84.03,181,68.05,94.14,136,20,33,189,72.0,10.6,17.5,71.96,32.15,-8.81,Southern Europe,Southern Europe
UKR,83.99,182,67.01,95.87,135,25,28,188,71.8,13.3,14.9,71.81,32.45,-8.85,Eastern Europe,Eastern Europe
MKD,83.26,183,51.33,94.08,133,24,31,188,70.7,12.8,16.5,70.74,34.58,-9.57,Southern Europe,Southern Europe
MDG,83.12,184,51.27,78.3,8,0,3,11,72.7,0.0,27.3,72.73,40.53,-9.71,Eastern Africa,Sub-Saharan Africa
HUN,81.47,185,66.3,92.09,131,33,28,192,68.2,17.2,14.6,68.23,39.61,-11.36,Eastern Europe,Eastern Europe
NRU,78.76,186,63.34,84.21,37,15,4,56,66.1,26.8,7.1,66.07,43.92,-14.07,Micronesia,Oceania
SSD,76.23,187,36.62,71.84,36,1,19,56,64.3,1.8,33.9,64.29,53.85,-16.6,Eastern Africa,Sub-Saharan Africa
PRY,74.2,188,46.71,69.3,113,29,49,191,59.2,15.2,25.7,59.16,57.74,-18.64,South America,Latin America & Caribbean
ARG,32.79,189,0.0,21.22,42,84,29,155,27.1,54.2,18.7,27.1,121.87,-60.05,South America,Latin America & Caribbean
ISR,12.87,190,59.54,0.0,20,98,27,145,13.8,67.6,18.6,13.79,148.48,-79.97,Western Asia,Western Asia
USA,0.0,191,45.21,88.41,10,174,8,192,5.2,90.6,4.2,5.21,171.33,-92.84,Northern America,Northern America
